record_id,paper_id,processing_present,extraction_present,component_present,tea_type,material_form,component_group,processing_step,extraction_method,compound_name,cultivar,origin,evidence_terms,raw_context_phrase,confidence_score,reasoning_short,patch_status,patch_uncertainty_flags
PMID_38571923_GLM2,PMID_38571923,false,false,true,unspecified tea,tea infusion,caffeine,,,caffeine,,,tea consumption;caffeine intake,moderate coffee and tea consumption;High caffeine intake in pregnancy,0.90,Review paper discusses tea and caffeine as general dietary exposures without reporting specific processing or extraction methods; component and material form inferred from beverage context.,llm_extracted,review paper;no primary tea material
PMID_38740187_GLM1,PMID_38740187,false,false,true,unspecified tea,unspecified material,mixed polyphenols,,,polyphenols; phenolic acids; flavonoids,,UK,polyphenol intake; 1 cup of tea or coffee per day,"polyphenol intake was assessed in the UK-based Airwave cohort; nonalcoholic beverages, vegetables, and fruit were the primary sources; 1 cup of tea or coffee per day",0.70,Epidemiological study estimates polyphenol intake from diet; tea mentioned only as a dietary source unit without processing or extraction details.,llm_extracted,tea mentioned as dietary source only; no direct tea material analysis
PMID_38778045_GLM1,PMID_38778045,false,false,false,green tea,tea infusion,,,,,,,black or green tea; flavonoid-rich foods; flavonoid subclasses,higher intakes of black or green tea... significantly associated with 21%... lower T2D risk; Tea (black and green) intakes were capped at a maximum of 4 servings/day,0.90,"Epidemiological cohort study using dietary assessments; no tea processing, extraction, or component isolation performed; tea intake estimated from USDA databases.",llm_extracted,
PMID_39050670_GLM1,PMID_39050670,false,false,false,,,,,,,,,tea intake; brain image-derived phenotypes,"there were causal relationships between alcohol consumption, tea intake, coffee consumption, smoking, educational attainment, and certain BIDPs",0.95,"Review paper reports only 'tea intake' as lifestyle factor; no tea processing, extraction, or component details provided in title, abstract, or methods text.",llm_extracted,
PMID_39096274_GLM1,PMID_39096274,false,false,false,unspecified tea,unspecified material,,,,,,,Mg-rich diet;tea;cardiovascular disease,"A Mg-rich diet score was created that included servings of whole grain products, nuts, vegetables, fruit, legumes, coffee, and tea.",0.90,"Tea is mentioned only as a general dietary component in a food frequency questionnaire with no processing, extraction, or specific component details reported.",llm_extracted,
PMID_39222688_GLM1,PMID_39222688,false,false,true,unspecified tea,purified component,theaflavins,,,theaflavins; thearubigins,,,"theaflavins + thearubigins; flavonoid-rich foods, namely, tea","moderate intakes of... theaflavins + thearubigins; Promoting intakes of healthy flavonoid-rich foods, namely, tea",0.85,Study examines dietary intake of flavonoid subclasses including theaflavins/thearubigins from tea; no tea processing or extraction methods reported.,llm_extracted,dietary intake study; no direct tea material handling
PMID_39256541_GLM1,PMID_39256541,false,false,false,unspecified tea,tea infusion,,,,,,,tea consumption,"tea consumption (frequency, type, amount of tea consumed in a typical day, duration and preference for tea temperature)",0.90,"Epidemiological survey collecting self-reported tea consumption data; no tea processing, extraction, or specific component analysis reported.",llm_extracted,
PMID_39350601_GLM1,PMID_39350601,false,false,true,green tea,unspecified material,catechins,,,catechins,,,green tea catechins;green tea ingestion,green tea catechins have attracted attention due to their thermogenic properties;effect of green tea ingestion coupled with exercise training,0.85,"Title and abstract specify green tea and catechins as the active component, but no tea processing or extraction methods are described for the meta-analysis source material.",llm_extracted,material form unspecified;intervention form varies across included studies
PMID_39405832_GLM1,PMID_39405832,false,false,true,unspecified tea,purified component,mixed polyphenols,,,tea polyphenols,,,tea polyphenols; derived from natural tea leaves,"Tea polyphenols, derived from natural tea leaves; 3% tea polyphenols (effective content of 6 g/t)",0.85,"Methods text identifies tea polyphenols as a compound antioxidant component but provides no details on tea type, processing, or extraction methods.",llm_extracted,tea source unspecified
PMID_39405832_GLM2,PMID_39405832,false,false,true,unspecified tea,purified component,mixed polyphenols,,,tea polyphenols; propyl gallate,,,tea polyphenols; antioxidant; Nrf2/ARE pathway,"Tea polyphenols, derived from natural tea leaves; basal diet supplemented with 3% tea polyphenols (effective content of 6 g/t)",0.90,"Methods specify tea polyphenols as a supplemented component but provide no details on tea type, processing, or extraction methods.",llm_extracted,tea type unspecified
PMID_39405832_GLM3,PMID_39405832,false,false,true,unspecified tea,purified component,mixed polyphenols,,,tea polyphenols; propyl gallate,,,tea polyphenols,"Tea polyphenols, derived from natural tea leaves; 3% tea polyphenols (effective content of 6 g/t)",0.90,"Methods confirm use of tea polyphenols as a compound antioxidant component but provide no details on tea type, processing, or extraction methods.",llm_extracted,
PMID_39420779_GLM1,PMID_39420779,false,false,false,green tea,unspecified material,,,,,,,green tea,green tea (one item),0.95,"Epidemiological study using FFQ for dietary intake; green tea reported as food group without processing, extraction, or component details.",llm_extracted,
PMID_39503925_GLM1,PMID_39503925,false,false,false,unspecified tea,tea infusion,,,,,,,iced tea;hot tea;tea,"iced tea [HR, 1.41 (1.21 to 1.65); P-trend < 0.0001)] intake was associated with higher T2DM risk",0.90,"Epidemiological cohort study using FFQ to assess iced tea and hot tea consumption; no tea processing, extraction, or component analysis performed",llm_extracted,beverage type unspecified;iced tea may contain added sugar
PMID_39517154_GLM2,PMID_39517154,false,false,false,,,,,,,,,"preference for coffee and tea; preferences for smoking, coffee, or tea","those with the rs12878143 (CC) genotype preferred fruits, vegetables, coffee, and tea; hypothesizing that a sweet taste preference may not only be influenced by genetic factors but also be associated with other taste preferences, such as preferences for smoking, coffee, or tea",1.00,"Tea is mentioned only as a dietary preference item in a genetic association study; no tea processing, extraction, or component analysis is reported.",llm_extracted,
PMID_39606571_GLM1,PMID_39606571,false,false,true,unspecified tea,unspecified material,multiple component groups,,,,,,tea components; anti-obesity properties,"understanding the roles of tea components in regulating gut microbiota, boosting fat oxidation, and increasing metabolic rate",0.90,"Bibliometric analysis mentions tea components broadly without specifying tea type, processing, or extraction methods",llm_extracted,
PMID_39606571_GLM2,PMID_39606571,false,false,true,unspecified tea,unspecified material,multiple component groups,,,,,,tea components; regulating gut microbiota; anti-obesity,understanding the roles of tea components in regulating gut microbiota,0.95,"Bibliometric analysis mentions tea components broadly without specifying processing, extraction methods, or individual compounds.",llm_extracted,
PMID_39706596_GLM1,PMID_39706596,false,false,true,unspecified tea,tea infusion,caffeine,,,caffeine,,,"caffeine intake;beverages (coffee, tea, chocolate)","Caffeine, identified as a central nervous system stimulant in foods, beverages (coffee, tea, chocolate), and medications",0.85,Tea mentioned only as dietary caffeine source in epidemiological study; no tea-specific processing or extraction methods reported,llm_extracted,tea mentioned only as general dietary source;no tea-material intervention
PMID_39765834_GLM1,PMID_39765834,false,false,true,green tea,purified component,catechins,,,EGCG; ECG; Polyphenon E,,,GTCs; EGCG; ECG; Polyphenon E; tea polyphenols,"Green tea catechins (GTCs) are a group of bioactive polyphenolic compounds... Among these compounds, EGCG has shown the highest efficacy... Both EGCG and ECG have been observed... Polyphenon E (PE), also known as sinecatechins",0.95,"Title and abstract explicitly identify green tea catechins; methods text names specific compounds EGCG, ECG, and Polyphenon E. No processing or extraction methods described.",llm_extracted,
PMID_39765834_GLM2,PMID_39765834,false,false,true,green tea,purified component,catechins,,,EGCG; ECG; Polyphenon E; sinecatechins,,,Green tea catechins; EGCG; ECG; Polyphenon E,"Green tea catechins (GTCs) are a group of bioactive polyphenolic compounds... Among these compounds, EGCG has shown the highest efficacy... Both EGCG and ECG have been observed to inhibit the proliferation... Polyphenon E (PE), also known as sinecatechins",0.95,"Abstract and methods identify green tea catechins and specific compounds EGCG, ECG, and Polyphenon E without describing processing or extraction methods.",llm_extracted,
PMID_39831602_GLM1,PMID_39831602,false,false,false,unspecified tea,tea infusion,,,,,,China,tea consumption;regular tea consumption;drinking tea,"Information on tea consumption (including frequency, amount, and duration) was collected at baseline using interviewer-administered questionnaires",0.90,"Epidemiological cohort study on tea consumption habits; no tea processing, extraction, or specific components reported in methods",llm_extracted,
PMID_39920567_GLM1,PMID_39920567,false,false,true,,,mixed polyphenols,,,catechins; theaflavins; thearubigins; EGCG; ECG; EGC; EC; caffeine; theanine,,,tea polyphenols; green tea; black tea; catechins; theaflavins; thearubigins,"Tea polyphenols (TPP) are key contributors to the beneficial health effects of green tea and black tea... In green tea, catechins... are the major active constitutions. In the manufacturing of black tea, the catechins are mostly converted to dimeric theaflavins (TFs) and polymeric thearubigins (TRs).",0.90,"Review article discusses tea polyphenol bioavailability; reports component groups (catechins, theaflavins, thearubigins) and named compounds but no specific processing or extraction methods for study materials.",llm_extracted,
PMID_39940310_GLM1,PMID_39940310,false,false,true,green tea,tea leaf,multiple component groups,,,,,,Green Tea (n = 5); Green Tea polyphenols; Coffee or Tea,Green Tea (n = 5)...Green Tea polyphenols...12 on Coffee or Tea,0.90,"Abstract and methods mention 'Green Tea' and 'Green Tea polyphenols' as bioactive substances studied, but no specific processing or extraction methods are described for the tea material itself.",llm_extracted,material_form inferred from existing record
PMID_39942757_GLM1,PMID_39942757,false,false,true,green tea,purified component,catechins,,,Epigallocatechin gallate; EGCG,,,predominant catechin in green tea; principal bioactive component; approximately 50% of its total polyphenol content,"Epigallocatechin gallate (EGCG), the predominant catechin in green tea, comprises approximately 50% of its total polyphenol content",0.95,Abstract and introduction clearly identify EGCG as the predominant catechin in green tea; no processing or extraction methods described for the compound itself.,llm_extracted,
PMID_39942757_GLM2,PMID_39942757,false,false,true,green tea,purified component,catechins,,,Epigallocatechin gallate; EGCG; (+)-catechin; (-)-epicatechin; (+)-gallocatechin; (-)-epigallocatechin; (+)-catechin gallate; (-)-epicatechin gallate; (+)-gallocatechin gallate; (-)-epigallocatechin gallate,,,predominant catechin in green tea; principal bioactive component; comprises approximately 50% of its total polyphenol content,"EGCG, the predominant catechin in green tea, comprises approximately 50% of its total polyphenol content; primary bioactive compounds found in green tea leaves are catechins, which make up 25% to 35% of the dry weight of the leaves",0.95,Abstract and introduction clearly identify EGCG as the predominant catechin in green tea; no processing or extraction methods described for the tea material itself,llm_extracted,
PMID_39942757_GLM3,PMID_39942757,false,false,true,green tea,purified component,catechins,,,Epigallocatechin gallate; EGCG; (+)-catechin; (−)-epicatechin; (+)-gallocatechin; (−)-epigallocatechin; (+)-catechin gallate; (−)-epicatechin gallate; (+)-gallocatechin gallate; (−)-epigallocatechin gallate,,,predominant catechin in green tea; principal bioactive component; most abundant,"EGCG, the predominant catechin in green tea, comprises approximately 50% of its total polyphenol content",0.95,,llm_extracted,
PMID_39949547_GLM1,PMID_39949547,false,false,false,unspecified tea,tea infusion,,,,,,,tea consumption; cups of tea,How many cups of tea do you consume on a daily basis,0.95,,llm_extracted,
PMID_40001172_GLM1,PMID_40001172,false,false,false,unspecified tea,tea infusion,,,,,,,tea consumption;tea intake;tea drinking,baseline data on tea and/or coffee consumption per day/week,0.90,"Epidemiological cohort study on dietary tea consumption; no tea material processing, extraction, or specific component analysis reported.",llm_extracted,
PMID_40002949_GLM1,PMID_40002949,false,true,true,green tea,purified component,catechins,,commercial preparation,tea polyphenols; catechins; epigallocatechin gallate,,,tea polyphenols extracted from green tea; content of tea polyphenols was 98.1%; catechins was 86.6%,"Tea polyphenols were extracted from green tea and obtained in the form of a brown powder... The content of tea polyphenols was 98.1%, that of catechins was 86.6%, and that of epigallocatechin gallate was 54.2%",1.00,"Methods explicitly state tea polyphenols were extracted from green tea, obtained as a brown powder with 98.1% polyphenol and 86.6% catechin content.",llm_extracted,
PMID_40002949_GLM2,PMID_40002949,false,true,true,green tea,purified component,catechins,,commercial extract,epigallocatechin gallate; catechins,,,tea polyphenols; green tea; catechins; epigallocatechin gallate,"Tea polyphenols were extracted from green tea and obtained in the form of a brown powder... content of tea polyphenols was 98.1%, that of catechins was 86.6%, and that of epigallocatechin gallate was 54.2%",0.95,Methods explicitly state tea polyphenols extracted from green tea with detailed composition analysis provided,llm_extracted,
PMID_40002949_GLM3,PMID_40002949,false,true,true,green tea,purified component,catechins,,commercial extract,tea polyphenols; catechins; epigallocatechin gallate,,,tea polyphenols extracted from green tea; content of tea polyphenols was 98.1%; catechins was 86.6%,"Tea polyphenols were extracted from green tea and obtained in the form of a brown powder... The content of tea polyphenols was 98.1%, that of catechins was 86.6%, and that of epigallocatechin gallate was 54.2%",0.95,Methods text explicitly states tea polyphenols were extracted from green tea and provides purity/composition data.,llm_extracted,
PMID_40121496_GLM1,PMID_40121496,false,false,false,,,,,,,,,tea; beverage consumption,"No significant associations were found for pure fruit juice, coffee, tea, or alcoholic drinks.",0.95,"Cohort study assessed tea consumption via food frequency questionnaire; no tea processing, extraction, or component details reported.",llm_extracted,
PMID_40134056_GLM1,PMID_40134056,false,false,true,unspecified tea,tea infusion,mixed polyphenols,,,1-deoxynojirimycin; total polyphenols,,,mulberry leaf and water chestnut husk tea; total polyphenol contents; 1-deoxynojirimycin contents,mulberry leaf and water chestnut husk tea; 1-deoxynojirimycin and total polyphenol contents in the tea,0.90,"Study investigates a herbal tea blend; component analysis reports 1-deoxynojirimycin and total polyphenols, but no Camellia sinensis tea processing or extraction methods are described.",llm_extracted,non-Camellia herbal tea
PMID_40157008_GLM1,PMID_40157008,false,false,false,unspecified tea,tea infusion,,,,,,,coffee or tea (noncaloric); coffee or tea (caloric),"operationalize beverage intake into 8 categories... non-caloric coffee or tea, caloric coffee or tea drinks",0.90,"Tea mentioned only as dietary survey beverage category with no processing, extraction, or component details reported",llm_extracted,
PMID_40160899_GLM1,PMID_40160899,false,false,true,green tea,unspecified material,multiple component groups,,,polyphenols; flavonoids; phenolic acids,,,green tea supplementation; bioactive compounds; polyphenols,"Abundant in chemicals with antioxidant properties (mostly polyphenols, such as flavonoids and phenolic acids)",0.90,"Abstract and methods specify green tea and describe bioactive components (polyphenols, flavonoids, phenolic acids) but provide no processing or extraction details for the tea material.",llm_extracted,supplement form unspecified
PMID_40160899_GLM2,PMID_40160899,false,false,true,green tea,unspecified material,multiple component groups,,,polyphenols; flavonoids; phenolic acids,,,green tea supplementation; green tea; Camellia sinensis,"Abundant in chemicals with antioxidant properties (mostly polyphenols, such as flavonoids and phenolic acids)",0.85,"Tea type stated as green tea; bioactive components mentioned generally as polyphenols, flavonoids, phenolic acids; no specific processing or extraction methods described for the intervention material.",llm_extracted,intervention form unspecified
PMID_40263915_GLM1,PMID_40263915,true,false,true,unspecified tea,tea infusion,multiple component groups,drying; roasting,,"5-caffeoylquinic acid; caffeic acid; rutin; caffeine; 3,5-dicaffeoylquinic acid",,Argentina,yerba mate; mate tea,"sachets containing 3 g of dried roasted yerba mate leaves; placing a sachet containing 3 g of dried yerba mate leaves in 150 mL of boiling water, brewing the beverage during 5 min",0.95,,llm_extracted,
PMID_40263915_GLM2,PMID_40263915,true,false,true,unspecified tea,tea infusion,multiple component groups,drying; roasting,,"5-caffeoylquinic acid; caffeic acid; rutin; caffeine; 3,5-dicaffeoylquinic acid",,Argentina,yerba mate tea; mate tea; phenolic composition,"sachets containing 3 g of dried roasted yerba mate leaves; placing a sachet containing 3 g of dried yerba mate leaves in 150 mL of boiling water, brewing the beverage during 5 min; Standards 5-caffeoylquinic acid, caffeic acid, rutin, and caffeine",0.95,Methods explicitly describe dried roasted yerba mate leaves and infusion preparation; phenolic standards listed for composition analysis.,llm_extracted,yerba mate is Ilex paraguariensis not Camellia sinensis
PMID_40358678_GLM1,PMID_40358678,true,false,true,green tea,purified component,catechins,steaming; polyphenol oxidase inactivation,,EGCG; catechin; catechin gallate; gallocatechin; epicatechin; epigallocatechin; epicatechin-3-gallate; gallocatechin gallate,,China; India; Sri Lanka; Japan,green tea catechins; steaming of leaves; non-fermented type,"the steaming of leaves in green tea production inactivates polyphenol oxidase, thereby preserving catechins",0.95,Processing explicitly described (steaming to inactivate polyphenol oxidase); specific catechin compounds named; origins listed as cultivation regions.,llm_extracted,
PMID_40358678_GLM3,PMID_40358678,true,false,true,green tea,purified component,catechins,steaming; polyphenol oxidase inactivation,,EGCG; catechin; catechin gallate; gallocatechin; epicatechin; epigallocatechin; epicatechin-3-gallate; gallocatechin gallate,,China; India; Sri Lanka; Japan,green tea catechins; GTCs; EGCG,"the steaming of leaves in green tea production inactivates polyphenol oxidase, thereby preserving catechins; GTCs account for 60–80% of the polyphenols; EGCG being the most abundant",0.95,Processing context explicitly describes steaming and enzyme inactivation for green tea production; component names are comprehensively listed in the methods text.,llm_extracted,
PMID_40427462_GLM1,PMID_40427462,false,false,true,unspecified tea,tea extract,mixed polyphenols,,,EGCG; catechins; theaflavins; thearubigins,,,"Tea polyphenols (TP); EGCG, a principal constituent of TP","Tea polyphenols (TP) are naturally occurring compounds found in tea... catechins, theaflavins, and thearubigins are prominent compounds... EGCG, the main component of TP",0.85,"Abstract and introduction identify tea polyphenols and EGCG as constituents, but no tea processing or extraction methods are described for the TP material.",llm_extracted,tea source unspecified; extraction method not reported
PMID_40427462_GLM3,PMID_40427462,false,false,true,unspecified tea,purified component,catechins,,,EGCG; catechins; theaflavins; thearubigins,,,"Tea polyphenols (TP); EGCG, a principal constituent of TP","Tea polyphenols (TP) are naturally occurring compounds found in tea... catechins, theaflavins, and thearubigins are prominent compounds... EGCG, the main component of TP",0.90,Abstract and methods identify tea polyphenols and EGCG as studied components but provide no details on tea processing or extraction methods.,llm_extracted,
PMID_40438590_GLM1,PMID_40438590,false,false,true,green tea,purified component,catechins,,,(-)-epigallocatechin-3-gallate; EGCG,,,green tea component; EGCG; catechin,the main catechin (−)-epigallocatechin-3-gallate (EGCG); isolated catechin EGCG,0.95,"Title and text explicitly identify EGCG as a green tea catechin component, but no processing or extraction methods are described for the tea material itself.",llm_extracted,
PMID_40456886_GLM1,PMID_40456886,false,false,true,unspecified tea,tea infusion,mixed polyphenols,,,flavonols; anthocyanins; flavan-3-ols; flavanones; flavones,,,tea; flavonoid-rich foods; flavonoid subclasses,"flavonoid-rich foods or beverages, such as tea, berries, apples, oranges or grapes",0.90,Tea mentioned as flavonoid-rich food source; flavonoid subclasses detailed but no tea-specific processing or extraction described,llm_extracted,
PMID_40456886_GLM3,PMID_40456886,false,false,true,unspecified tea,tea infusion,mixed polyphenols,,,flavonoids; flavonols; anthocyanins; flavan-3-ols; flavanones; flavones,,,tea; flavonoid-rich foods; flavonoid subclasses,"flavonoid-rich foods or beverages, such as tea, berries, apples, oranges or grapes",0.85,Tea mentioned as dietary flavonoid source; no processing/extraction methods reported for tea material; flavonoid subclasses listed as compounds.,llm_extracted,tea material form inferred from dietary context
PMID_40507186_GLM2,PMID_40507186,false,false,false,unspecified tea,unspecified material,,,,,,,"tea, coffee, and herbal infusions; patterns high in tea","patterns high in tea, coffee, and herbal infusions before pregnancy",0.90,"Dietary cohort study mentions tea only as a food group in FFQ; no tea processing, extraction, or component details reported.",llm_extracted,
PMID_40509019_GLM1,PMID_40509019,false,false,true,green tea,purified component,catechins,,,catechin; epicatechin; gallocatechin; epigallocatechin; catechin gallate; epicatechin gallate; gallocatechin gallate; epigallocatechin gallate,,,catechins; green tea,"catechins are naturally present in many fruits and plant-derived foods, especially in green tea",0.95,Text identifies catechins as major components of green tea and lists specific monomers but provides no processing or extraction details for the studied material.,llm_extracted,
PMID_40509019_GLM2,PMID_40509019,false,false,true,green tea,purified component,catechins,,,catechin; epicatechin; epicatechin gallate; epigallocatechin; epigallocatechin gallate; gallocatechin; gallocatechin gallate; catechin gallate,,,catechins; green tea; tea polyphenols,"catechins...especially in green tea; constitute approximately 30–42% of the dry weight of the tea plant; EC, EGC, ECG, and EGCG constitute the major catechin monomer species present in green tea",0.90,Text identifies catechins as major compounds in green tea and lists specific monomers but provides no processing or extraction details for the tea material itself.,llm_extracted,
PMID_40509019_GLM3,PMID_40509019,false,false,true,green tea,purified component,catechins,,,catechin; epicatechin; epigallocatechin; epigallocatechin gallate; epicatechin gallate; gallocatechin; catechin gallate; gallocatechin gallate,,,catechins; green tea,"catechins are naturally present in many fruits and plant-derived foods, especially in green tea; EC, EGC, ECG, and EGCG constitute the major catechin monomer species present in green tea",0.95,"Text explicitly identifies catechins as the component group, lists specific monomers, and references green tea as a primary source; no processing or extraction methods described.",llm_extracted,
PMID_40525136_GLM1,PMID_40525136,false,false,false,unspecified tea,tea infusion,,,,,,,tea consumption; cups of tea per day,the highest tea consumption was associated with lower risks of all-cause mortality; up to two cups of tea per day,0.90,"Meta-analysis of observational studies reports only consumption amounts (cups per day) without tea processing, extraction, or component details",llm_extracted,
PMID_40536509_GLM1,PMID_40536509,false,false,true,unspecified tea,tea infusion,caffeine,,,caffeine,,,"Frequency of consumption of coffee, tea; intakes of specific nutrients including caffeine; associated with reduced fibrosis progression","Frequency of consumption of coffee, tea... and intakes of specific nutrients including... caffeine... were associated with reduced fibrosis progression",0.90,Study reports tea consumption frequency via Food Frequency Questionnaire; no tea processing or extraction methods described; caffeine identified as protective nutrient component,llm_extracted,tea type unspecified; material form inferred from consumption context
PMID_40536553_GLM1,PMID_40536553,false,false,false,green tea,unspecified material,,,,,,,green tea; promoting hair growth; improving hair density,"Natural products such as rosemary, green tea... have shown promising efficacy in promoting hair growth",0.90,"Green tea is mentioned as a natural product in a systematic review but no specific processing, extraction, or component details are provided for the tea material itself.",llm_extracted,
PMID_40570454_GLM1,PMID_40570454,false,false,true,unspecified tea,purified component,mixed polyphenols,,,tea polyphenols; TPs,,,"Tea polyphenols (TPs), bioactive secondary metabolites from Camellia sinensis; graded TPs supplementation (0-500 mg/kg Food Weight); TP at levels of 0, 100, 200, 300, 400, and 500 mg/kg feed","Tea polyphenols (TPs), bioactive secondary metabolites from Camellia sinensis; The basal diet was supplemented with TP at levels of 0, 100, 200, 300, 400, and 500 mg/kg feed",0.95,Study uses tea polyphenols (TPs) as a purified supplement additive; no processing or extraction methods described for the tea material itself.,llm_extracted,tea source unspecified
PMID_40570454_GLM2,PMID_40570454,false,false,true,unspecified tea,purified component,mixed polyphenols,,,tea polyphenols,,,"Tea polyphenols (TPs), bioactive secondary metabolites from Camellia sinensis; graded TPs supplementation (0-500 mg/kg Food Weight)","Tea polyphenols (TPs), bioactive secondary metabolites from Camellia sinensis; The basal diet was supplemented with TP at levels of 0, 100, 200, 300, 400, and 500 mg/kg feed",0.95,"Abstract and methods identify tea polyphenols as the test material derived from Camellia sinensis, but no processing or extraction methods are described for the TP material.",llm_extracted,
PMID_40635852_GLM1,PMID_40635852,false,false,true,green tea,purified component,mixed polyphenols,,,epigallocatechin gallate,,,green tea polyphenols; epigallocatechin gallate,"Green tea polyphenols [27], particularly epigallocatechin gallate, exert anti-lipogenic effects",0.85,Abstract and methods_text identify green tea polyphenols and EGCG as bioactive compounds; no processing or extraction methods described.,llm_extracted,review article; compound form unspecified
PMID_40696344_GLM1,PMID_40696344,false,false,false,unspecified tea,tea infusion,,,,,,,tea; beverage consumption,"coffee, tea, and low-fat milk received positive scores",0.90,"Tea is mentioned only as a general beverage category in dietary recall; no processing, extraction, or specific components reported.",llm_extracted,
PMID_40696344_GLM2,PMID_40696344,false,false,false,unspecified tea,tea infusion,,,,,,,tea; healthy beverage pattern; mortality,"coffee, tea, and low-fat milk received positive scores; higher intakes of tea, coffee, and low-fat milk are associated with lower risks",0.95,"Epidemiological cohort study using dietary recall data; tea mentioned as general beverage category without processing, extraction, or component details.",llm_extracted,
PMID_40732933_GLM1,PMID_40732933,true,false,true,unspecified tea,tea leaf,mixed polyphenols,roasted; powdered,,"1-deoxynojirimycin; eugeniin; 1,2,3,6-tetra-O-galloyl-d-glucopyranose; trapain",,"Kanzaki City, Saga Prefecture",MW tea; mulberry leaf and water chestnut tea,"MW tea, was prepared from roasted and powdered mulberry leaves and water chestnut husk produced in Kanzaki City",0.95,"Methods explicitly describe the tea material as roasted and powdered leaves and husks, and quantify active ingredients DNJ and polyphenols.",llm_extracted,
PMID_40732933_GLM3,PMID_40732933,true,false,true,unspecified tea,tea leaf,mixed polyphenols,roasted; powdered,,"1-deoxynojirimycin; polyphenols; eugeniin; 1,2,3,6-tetra-O-galloyl-d-glucopyranose; trapain",,"Kanzaki City, Saga Prefecture",roasted and powdered mulberry leaves; rich in polyphenols and 1-deoxynojirimycin,prepared from roasted and powdered mulberry leaves and water chestnut husk; active ingredients included 5.10 mg DNJ and 87.3 mg polyphenols,0.95,Methods text explicitly describes tea material as roasted and powdered leaves; components DNJ and polyphenols quantified.,llm_extracted,blend contains non-tea ingredients
PMID_40755497_GLM1,PMID_40755497,false,false,true,green tea,purified component,catechins,,,epigallocatechin gallate; EGCG,,,EGCG; green tea; bioactive compound,"Epigallocatechin gallate (EGCG), a bioactive compound abundantly existing in green tea",0.95,Paper focuses on EGCG as purified component from green tea; no tea processing or extraction methods described,llm_extracted,
PMID_40791226_GLM1,PMID_40791226,false,false,false,unspecified tea,tea infusion,,,,,,,tea consumption; tea drinking,tea consumption and salt intake; tea drinking is often culturally paired,0.90,"Epidemiological study on tea consumption habits; no tea processing, extraction, or specific components reported in dietary survey",llm_extracted,
PMID_40817213_AUTO1,PMID_40817213,false,false,false,,,,,,,,,microalgal biorefineries; systematic review,This review critically examines the entire value chain of microalgal biorefineries,1.00,"Paper is about microalgal biorefineries, not tea; no tea material mentioned anywhere in title, abstract, or methods text",llm_extracted,
PMID_40823011_GLM1,PMID_40823011,false,false,false,unspecified tea,tea infusion,,,,,,,unsweetened tea;sugar-sweetened tea;artificially sweetened tea;tea consumption,"tea consumption by type (unsweetened, sugar-sweetened, artificially sweetened)",0.90,"Epidemiological cohort study on tea consumption patterns; no tea processing, extraction, or specific tea components reported",llm_extracted,
PMID_40830941_GLM1,PMID_40830941,false,false,true,unspecified tea,tea infusion,multiple component groups,,,flavonoids; thearubigins; caffeine,,,tea consumption; unsweetened tea; sugar-sweetened tea,"As an extract produced from the leaves of the plant Camellia sinensis, tea contains high concentrations of several beneficial compounds, such as flavonoids, thearubigins, caffeine, and other antioxidants",0.90,Components listed in introduction; no processing/extraction methods detailed for study tea material.,llm_extracted,
PMID_40830941_GLM3,PMID_40830941,false,false,true,unspecified tea,tea infusion,multiple component groups,,,flavonoids; thearubigins; caffeine; antioxidants,,,tea consumption; unsweetened tea; sugar-sweetened tea,"As an extract produced from the leaves of the plant Camellia sinensis, tea contains high concentrations of several beneficial compounds, such as flavonoids, thearubigins, caffeine, and other antioxidants",0.90,Methods text describes tea composition with named compounds but no specific processing or extraction methods for study materials; tea type and form inferred from beverage consumption context.,llm_extracted,
PMID_40867561_GLM1,PMID_40867561,false,false,true,green tea,purified component,mixed polyphenols,,,polyphenols,,,polyphenols;green tea;anti-aging agents;mitochondrial dysfunction,"polyphenols...found in coffee, green tea, wine, apples, citrus fruits, berries, turmeric, beans, etc.",0.85,Review article mentions green tea as dietary source of polyphenols; no specific tea processing or extraction methods described.,llm_extracted,review article;no specific tea material studied
PMID_40869245_GLM1,PMID_40869245,true,false,true,black tea,purified component,theaflavins,oxidation; polyphenol oxidase catalysis; peroxidase catalysis,,"theaflavin; theaflavin-3-gallate; theaflavin-3'-gallate; theaflavin-3,3'-gallate; thearubigins",,,theaflavins; thearubigins; black tea,Theaflavins are formed through a process catalysed by polyphenol oxidase (PPO) and peroxidase (POD)... TRs are formed during the PPO- and POD-catalysed oxidation of TFs and catechins,0.95,Methods text describes formation of theaflavins and thearubigins via enzymatic oxidation during black tea processing; no extraction method reported.,llm_extracted,
PMID_40869245_GLM2,PMID_40869245,true,false,true,black tea,purified component,theaflavins,polyphenol oxidase-catalysed oxidation; peroxidase-catalysed oxidation; dimerization of epicatechins,,"theaflavins; thearubigins; theaflavin; theaflavin-3-gallate; theaflavin-3'-gallate; theaflavin-3,3'-gallate; epicatechin; epigallocatechin; epicatechin gallate; epigallocatechin gallate",,,Theaflavins (TFs) are among the major components of black tea; Thearubigins (TRs) still require further analysis; formed through a process catalysed by polyphenol oxidase (PPO) and peroxidase (POD),"Theaflavins are formed through a process catalysed by polyphenol oxidase (PPO) and peroxidase (POD), involving the dimerization of epicatechins found in green tea; TRs are formed during the PPO- and POD-catalysed oxidation of TFs and catechins",0.95,,llm_extracted,
PMID_40930783_GLM1,PMID_40930783,false,false,false,green tea,tea infusion,,,,,,,green tea intake,adjusting for potential confounding factors including...green tea intake,0.90,"Green tea is mentioned only as a dietary covariate in a food-frequency questionnaire; no tea processing, extraction, or component analysis is reported.",llm_extracted,
PMID_40932098_GLM1,PMID_40932098,false,false,false,green tea,tea infusion,,,,,,Japan,matcha tea; high antioxidant content,"matcha tea (Organic Japanese Matcha, Japan; Lot: T47I10P100); Matcha tea, a type of green tea with high antioxidant content",0.95,"Study identifies matcha as green tea from Japan but reports no processing, extraction, or specific compound characterization methods.",llm_extracted,
PMID_40944258_GLM1,PMID_40944258,false,false,false,green tea,tea infusion,,,,,,,green tea-specific consumption; weekly tea consumption; tea consumption frequency,"type of tea consumed most commonly (green tea, oolong tea, black tea, or others); grams of tea leaves added each time",0.95,"Epidemiological cohort study on tea consumption habits; tea type (green tea) reported via questionnaire but no processing, extraction, or specific component analysis performed.",llm_extracted,
PMID_40978769_AUTO1,PMID_40978769,false,false,false,,,,,,,,,,,1.00,"This is a clinical laboratory validation study about LDL-C estimation formulas with no mention of tea, tea processing, extraction, or components.",llm_extracted,
PMID_41008240_AUTO1,PMID_41008240,false,false,true,unspecified tea,tea leaf,multiple component groups,,,tea polyphenols; amino acids; caffeine; catechins; flavonoids; volatile metabolites; L-theanine; epicatechin; epigallocatechin,Yinghong 9; Anhui No. 1; Shuchazao,,fresh tea leaf quality; secondary metabolites; tea polyphenols; amino acids; caffeine; volatile metabolites,"Fresh tea leaves, as the raw material for finished tea products; secondary metabolites such as tea polyphenols, amino acids, caffeine, and volatile metabolites in fresh tea leaves",0.95,,llm_extracted,
PMID_41019326_GLM1,PMID_41019326,false,false,true,green tea,purified component,catechins,,,epigallocatechin-3-gallate; EGCG,,,green tea catechins; EGCG,epigallocatechin-3-gallate (EGCG) from green tea; green tea catechins showing 4% to 5% body fat reduction,0.90,Abstract and methods_text identify EGCG and green tea catechins as bioactive compounds; no processing or extraction methods described for tea material.,llm_extracted,
PMID_41019326_GLM2,PMID_41019326,false,false,true,green tea,purified component,catechins,,,epigallocatechin-3-gallate; EGCG,,,epigallocatechin-3-gallate (EGCG); green tea catechins,epigallocatechin-3-gallate (EGCG)...green tea catechins showing 4% to 5% body fat reduction,0.95,Abstract explicitly names EGCG and green tea catechins as bioactive compounds; no processing or extraction methods described.,llm_extracted,
PMID_41063115_GLM1,PMID_41063115,false,false,false,,,,,,,,,herbal tea consumption; green tea and black tea,"Herbal tea, another popular tea across Europe, Asia, and the Americas... Green tea and black tea, derived from the leaves of Camellia sinensis",0.95,"Study focuses on herbal tea consumption in a cohort; no Camellia sinensis tea material processing, extraction, or specific component analysis reported in methods.",llm_extracted,herbal tea focus; observational study
PMID_41142253_GLM1,PMID_41142253,false,false,false,unspecified tea,unspecified material,,,,,,,tea bioactive metabolites; anti-skin aging,"common plant (e.g., rice, ginseng, tea, etc.) bioactive metabolites and their efficacy and mechanism of action in delaying skin aging",0.90,"Tea is mentioned only as a general example in a review; no specific tea processing, extraction, or component details are provided for tea materials.",llm_extracted,
PMID_41149402_GLM1,PMID_41149402,false,false,true,unspecified tea,purified component,mixed polyphenols,,,tea polyphenol; TPP,,,tea polyphenol; TPP,"tea polyphenol (TPP) acts simultaneously as a structural reinforcer through dynamic bonding, and as a bioactive modulator",0.85,"Material identified as tea polyphenol (TPP) used in hydrogel fabrication, but no tea processing or extraction methods described.",llm_extracted,tea type unspecified; TPP source unspecified
PMID_41149402_GLM2,PMID_41149402,false,false,true,unspecified tea,purified component,mixed polyphenols,,,tea polyphenol; TPP,,,tea polyphenol; TPP; ROS scavenging; ABTS scavenging capability,"tea polyphenol (TPP) acts simultaneously as a structural reinforcer through dynamic bonding, and as a bioactive modulator via ROS scavenging",0.85,"Tea polyphenol (TPP) is identified as the active component used in hydrogel fabrication, but no tea processing or extraction methods are described.",llm_extracted,tea type unspecified; material form inferred from context
PMID_41149402_GLM3,PMID_41149402,false,false,true,unspecified tea,tea extract,mixed polyphenols,,,,,,tea polyphenol; TPP,tea polyphenol (TPP) acts simultaneously as a structural reinforcer,0.85,"Tea polyphenol (TPP) is identified as the material used in hydrogel fabrication, but no specific tea type, processing, or extraction methods are described in the provided text.",llm_extracted,tea type unspecified; extraction method not reported
PMID_41151447_GLM1,PMID_41151447,false,false,true,green tea,purified component,catechins,,,Polyphenon 60,,,green tea polyphenols; Polyphenon 60; at least 60% catechins,"green tea polyphenols (Polyphenon 60, product no. P1204, Sigma-Aldrich, St. Louis, MO, USA) contained at least 60% catechins according to the manufacturer",1.00,Commercial product Polyphenon 60 specified with catechin content; no tea processing or extraction methods described for the tea material itself,llm_extracted,
PMID_41157739_GLM1,PMID_41157739,false,false,false,,,,,,,,,made into tea,"Sometimes these plants and plant substances are used raw, made into tea, or even made into an edible jam product.",0.90,,llm_extracted,tea mentioned as preparation method only
PMID_41157739_GLM2,PMID_41157739,false,false,false,,,,,,,,,made into tea,"Sometimes these plants and plant substances are used raw, made into tea, or even made into an edible jam product.",0.90,"Tea is mentioned only as a general preparation method for various medicinal plants, not as the specific test material.",llm_extracted,
PMID_41184896_GLM1,PMID_41184896,false,false,false,unspecified tea,unspecified material,,,,,,,frequent tea drinkers,"subgroup analyses further showed that the negative association between LE8 score and kidney stones risk was more pronounced in males, frequent tea drinkers, and those with higher levels of education",0.95,"Tea mentioned only as participant characteristic (frequent tea drinkers) in epidemiological subgroup analysis; no tea processing, extraction, or component details reported",llm_extracted,
PMID_41226835_GLM1,PMID_41226835,false,true,true,green tea,purified component,catechins,,high performance liquid chromatography; thin-layer chromatography; supercritical fluid extraction,Epigallocatechin gallate; EGCG,,,Epigallocatechin gallate; green tea catechins; isolation of Epigallocatechin Gallate from Green Tea,Strategies for Isolation of Epigallocatechin Gallate from Green Tea; High performance liquid chromatography (HPLC) remains the most widely applied technique for quantifying EGCG; TLC is widely used for the extraction of EGCG; SFE commonly employs carbon dioxide as the solvent,0.95,"Methods section details isolation strategies (HPLC, TLC, SFE) for EGCG from green tea; abstract confirms EGCG as green tea polyphenol; no tea leaf processing described.",llm_extracted,
PMID_41235304_GLM1,PMID_41235304,false,false,true,green tea,purified component,catechins,,,catechins,,,green tea catechins reduce adiposity,green tea catechins reduce adiposity,0.95,"Abstract mentions green tea catechins as a component group reducing adiposity, but no processing or extraction methods are described for the tea material.",llm_extracted,
PMID_41244722_GLM1,PMID_41244722,false,true,true,unspecified tea,tea extract,mixed polyphenols,,tea extract,polyphenols;flavonoids;alkaloids;terpenoids,,,tea-derived catalysts;tea extracts;rich in polyphenols,"Tea extracts, rich in polyphenols, flavonoids, alkaloids, and terpenoids, serve as eco-friendly sources of reducing and stabilizing agents",0.85,"Review describes tea extracts containing polyphenols, flavonoids, alkaloids, and terpenoids used for catalyst synthesis; no specific processing details provided.",llm_extracted,review article;no specific extraction protocol
PMID_41255516_GLM2,PMID_41255516,false,false,true,green tea,purified component,catechins,,,epigallocatechin gallate; EGCG,,,Epigallocatechin Gallate; EGCG; green tea,"Epigallocatechin gallate (EGCG), a primary bioactive polyphenol in green tea",0.95,"Text explicitly identifies EGCG as a primary bioactive polyphenol in green tea, but no processing or extraction methods are reported for the tea material.",llm_extracted,
PMID_41269420_GLM1,PMID_41269420,false,false,true,green tea,purified component,catechins,,,Epigallocatechin-3-gallate; EGCG,,,EGCG treatment; green tea's epigallocatechin-3-gallate; EGCG extracted from green tea,Epigallocatechin-3-gallate (EGCG)...polyphenolic catechins—particularly Epigallocatechin-3-gallate (EGCG) are the most abundant and biologically active; Research on the effects of green tea or EGCG extracted from green tea,0.95,"Title and text identify EGCG as the studied purified component from green tea, belonging to catechins; no specific processing or extraction methods are described for the reviewed studies.",llm_extracted,
PMID_41282206_GLM1,PMID_41282206,false,false,true,unspecified tea,tea infusion,multiple component groups,,,catechins; theaflavins; caffeine,,,tea consumption; frequency and type of tea consumption,"tea consumption... various bioactive compounds in tea leaves, such as tea catechins, theaflavins, and caffeine",0.90,Epidemiological cohort study on tea consumption habits; no processing/extraction methods reported. Components listed in introduction as general bioactive compounds in tea leaves.,llm_extracted,component_inference_from_intro
PMID_41282206_GLM2,PMID_41282206,false,false,true,unspecified tea,tea infusion,multiple component groups,,,catechins; theaflavins; caffeine,,,tea consumption; bioactive compounds; catechins; theaflavins; caffeine,"tea consumption... various bioactive compounds in tea leaves, such as tea catechins, theaflavins, and caffeine",0.90,Epidemiological cohort study on tea consumption; no processing/extraction methods reported; bioactive compounds mentioned in introduction as rationale,llm_extracted,tea type unspecified in methods; component list from background context
PMID_41296402_GLM1,PMID_41296402,false,false,true,green tea,purified component,catechins,,,epigallocatechin-3-O-gallate; EGCG,,,epigallocatechin-3-O-gallate; EGCG in tea; green tea consumption,epigallocatechin-3-O-gallate (EGCG) in tea,0.95,EGCG explicitly named as tea component; green tea specified in epidemiological context; no processing or extraction methods described.,llm_extracted,
PMID_41300675_GLM1,PMID_41300675,false,false,false,green tea,unspecified material,,,,,,,green tea; antimicrobial activity; plaque and gingival indices,"The most commonly investigated agents included... green tea... demonstrated antimicrobial activity against cariogenic bacteria, reduction in plaque and gingival indices",0.90,"Review article mentions green tea as an investigated agent but provides no details on processing, extraction, or specific components.",llm_extracted,
PMID_41300675_GLM2,PMID_41300675,false,false,false,green tea,unspecified material,,,,,,,green tea; antimicrobial activity,green tea... demonstrated antimicrobial activity against cariogenic bacteria,0.90,"Review article mentions green tea as a studied agent but provides no details on processing, extraction, or specific compounds.",llm_extracted,
PMID_41303363_GLM1,PMID_41303363,false,false,true,green tea,unspecified material,multiple component groups,,,,,,green tea; phytochemical composition; anti-inflammatory; antioxidant; antimicrobial; prebiotic effects,"green tea... phytochemical composition and pharmacological properties... anti-inflammatory, antioxidant, antimicrobial, and prebiotic effects",0.90,"Review article mentions green tea among nine medicinal plants with focus on phytochemical composition and bioactivities, but no specific processing, extraction, or named compounds detailed in provided text.",llm_extracted,
PMID_41314057_GLM2,PMID_41314057,false,false,false,unspecified tea,tea infusion,,,,,,,tea; black tea and green tea,"tea, including black tea and green tea",0.90,"Epidemiological cohort study using self-reported dietary recall; tea type mentioned as including black and green tea but no processing, extraction, or component details reported.",llm_extracted,component_group unspecified due to dietary assessment method
PMID_41316291_GLM1,PMID_41316291,false,false,true,green tea,unspecified material,mixed polyphenols,,,epigallocatechin-3-gallate; epicatechin; gallic acid; chlorogenic acid; ellagic acid; kaempferol-3-O-glucoside; L-theanine; caffeine,,,green tea; black tea; polyphenolic compounds; catechins; theaflavins,"Green tea is mainly rich in catechin compounds, such as epigallocatechin-3-gallate (EGCG) and epicatechin (ECG)... Tea also contains other polyphenols, such as gallic acid, chlorogenic acid, ellagic acid...",0.95,Review article describes tea types and constituent compounds but reports no specific processing steps or extraction methods for tea material preparation.,llm_extracted,
PMID_41316291_GLM3,PMID_41316291,false,false,true,green tea,,catechins,,,epigallocatechin-3-gallate;epicatechin;L-theanine;caffeine;gallic acid;chlorogenic acid;ellagic acid;kaempferol-3-O-glucoside,,,green tea;catechin compounds;EGCG;ECG,"Green tea is mainly rich in catechin compounds, such as epigallocatechin-3-gallate (EGCG) and epicatechin (ECG)",0.90,Review article describes green tea composition and catechin compounds but reports no specific processing or extraction methods for tea material.,llm_extracted,review article;no specific material preparation reported
PMID_41356832_GLM1,PMID_41356832,false,false,false,green tea,tea infusion,,,,,,,frequent consumption of green tea,"frequent consumption of fish, whole grains, and green tea",0.90,"Tea mentioned only as dietary consumption item in lifestyle questionnaire; no processing, extraction, or component analysis reported",llm_extracted,
PMID_41362433_GLM1,PMID_41362433,false,false,false,,,,,,,,,tea tree oil,"Common ingredients such as Aloe vera, tea tree oil, calendula, turmeric, chamomile, and liquorice",0.95,,llm_extracted,
PMID_41362433_GLM2,PMID_41362433,false,false,false,,,,,,,,,tea tree oil,"ingredients such as Aloe vera, tea tree oil, calendula",0.95,Tea tree oil (Melaleuca alternifolia) is distinct from Camellia sinensis tea; no tea-material processing or extraction context present.,llm_extracted,
PMID_41373951_GLM1,PMID_41373951,false,false,false,unspecified tea,tea infusion,,,,,,,tea consumption; cups of tea,Do you currently drink tea or iced tea (excluding herbal or decaffeinated varieties)?,0.90,"Study assesses self-reported tea consumption via questionnaire; no processing, extraction, or specific components analyzed.",llm_extracted,
PMID_41409372_GLM1,PMID_41409372,false,false,false,unspecified tea,unspecified material,,,,,,,Evidence remains inconclusive,polyunsaturated fats and tea,1.00,"Review article mentions tea only in a list of nutrients with inconclusive evidence; no processing, extraction, or component details provided.",llm_extracted,
PMID_41425625_GLM1,PMID_41425625,false,false,true,green tea,purified component,catechins,,,EGCG,,,green tea catechins; EGCG,EGCG Green tea Mitochondrial protection; Anti-inflammatory effects; Neurotrophic factor enhancement,0.95,"Table 2 explicitly lists EGCG with green tea as primary food source, confirming tea type and specific catechin compound.",llm_extracted,
PMID_41439563_GLM1,PMID_41439563,false,false,false,green tea,,,,,,,,green tea; tea tree oil,Keywords and Boolean Operators: green tea,0.40,"Green tea listed only as a search keyword; no processing, extraction, or component details reported for tea material.",llm_extracted,tea mentioned only as keyword; no material characterization
PMID_41439563_GLM2,PMID_41439563,false,false,false,,,,,,,,,green tea; tea tree oil,"green tea, Rosa damascena, rose flower, damask rose, seaweed, tea tree oil",0.90,"Green tea and tea tree oil are mentioned only as search keywords and medicinal plant examples; no tea processing, extraction, or component details are reported.",llm_extracted,
PMID_41462286_GLM1,PMID_41462286,false,false,true,unspecified tea,tea infusion,multiple component groups,,,,,,tea consumption;dietary tea intake;tea polyphenols;amino acids;polysaccharides,"Dietary tea intake was calculated based on food consumption from 24-hour dietary recall;tea polyphenols, amino acids and polysaccharides",0.95,,llm_extracted,
PMID_41470906_GLM1,PMID_41470906,false,false,false,unspecified tea,unspecified material,,,,,,,tea; bioactive compounds,"bioactive compounds, including capsaicin, taurine, gamma-aminobutyric acid, tea, and anthocyanins",0.90,"Review mentions tea as a bioactive compound without specifying processing, extraction, or components",llm_extracted,
PMID_41474664_GLM1,PMID_41474664,false,false,true,unspecified tea,tea extract,mixed polyphenols,,,polyphenols,,,Camellia sinensis;polyphenols;herbal extracts,"Polyphenols such as curcumin, resveratrol, and quercetin, along with herbal extracts including Scutellaria baicalensis and Camellia sinensis",0.70,Review mentions Camellia sinensis extracts and polyphenols but provides no specific processing or extraction details for tea material.,llm_extracted,review article;no specific tea processing details
PMID_41490780_GLM1,PMID_41490780,false,false,false,,,,,,,,,replaced coffee with tea,"All participants, irrespective of the intervention arm... replaced coffee with tea.",0.90,"Tea mentioned only as dietary substitution item; no tea processing, extraction, or component details reported.",llm_extracted,
PMID_41515258_GLM1,PMID_41515258,false,false,true,green tea,purified component,mixed polyphenols,,,,,,green tea polyphenols,"green tea polyphenols, show promising but variable evidence for symptom relief",0.90,Abstract mentions 'green tea polyphenols' as a supplement; no processing or extraction details provided in text.,llm_extracted,
PMID_41559215_GLM1,PMID_41559215,false,true,true,green tea,tea extract,multiple component groups,,microwave-assisted extraction,epicatechin; epigallocatechin gallate; catechin; gallic acid; theaflavin; caffeine,,,green tea polyphenols; GTPP; EGCG; epicatechin; catechin; gallic acid; theaflavin; caffeine,"Fresh tea leaves (Camellia sinensis L.), the non-clone type, were collect; Extraction of tea polyphenols (TP) using microwave-assisted extraction; Six analytical references standards including: gallic acid, epicatechin, (-)-epigallocatechin gallate, (+)-catechin, caffeine, and theaflavin",0.95,Methods text explicitly mentions microwave-assisted extraction from fresh tea leaves and identifies six specific green tea polyphenol compounds analyzed,llm_extracted,
PMID_41560832_GLM1,PMID_41560832,false,false,true,green tea,purified component,catechins,,,EGCG;(−)-Epigallocatechin-3-gallate,,,tea polyphenol-based nanoparticles; EGCG,"(−)-Epigallocatechin-3-gallate (EGCG, 98 %; Chengdu Wagott Bio-Tech Co., Ltd); tea polyphenol-based nanoparticles (TPNs)",0.95,EGCG is a major catechin specific to green tea; purchased as purified reagent (98%) and used to synthesize nanoparticles.,llm_extracted,tea type inferred from compound identity
PMID_41594549_GLM1,PMID_41594549,false,false,true,green tea,purified component,catechins,,,epigallocatechin-3-gallate,,,epigallocatechin-3-gallate (Camellia sinensis),epigallocatechin-3-gallate (Camellia sinensis),0.95,Abstract explicitly names EGCG from Camellia sinensis as a reviewed phytochemical; no processing or extraction details provided.,llm_extracted,
PMID_41594549_GLM2,PMID_41594549,false,false,true,green tea,purified component,catechins,,,epigallocatechin-3-gallate,,,epigallocatechin-3-gallate (Camellia sinensis); neuroprotective effects,epigallocatechin-3-gallate (Camellia sinensis),0.95,Abstract explicitly names EGCG from Camellia sinensis; no processing or extraction details provided in available text.,llm_extracted,
PMID_41596095_GLM1,PMID_41596095,false,false,true,unspecified tea,purified component,mixed polyphenols,,,tea polyphenols,,,tea polyphenols; antioxidant effects,tea polyphenols and anthocyanins (black goji berry) provide antioxidant effects,0.85,"Abstract mentions 'tea polyphenols' as functional food providing antioxidant effects; no processing or extraction details provided in title, abstract, or methods text.",llm_extracted,tea type unspecified; material form inferred from polyphenol reference
PMID_41599929_GLM1,PMID_41599929,false,false,true,unspecified tea,purified component,catechins,,,(-)-epigallocatechin gallate; EGCG,,,major polyphenolic compound in tea leaves; main component,"(-)-Epigallocatechin gallate (EGCG), a major polyphenolic compound in tea leaves",0.95,,llm_extracted,
PMID_41599929_GLM2,PMID_41599929,false,false,true,unspecified tea,purified component,catechins,,,(-)-Epigallocatechin gallate; EGCG,,,major polyphenolic compound in tea leaves; main component,"(-)-Epigallocatechin gallate (EGCG), a major polyphenolic compound in tea leaves",0.95,EGCG is explicitly identified as a major polyphenolic compound in tea leaves; no processing or extraction methods described.,llm_extracted,
PMID_41608512_GLM1,PMID_41608512,true,false,true,green tea,purified component,catechins,fermentation; oxidative conversion,,epigallocatechin gallate; EGCG; catechins; theaflavins; thearubigins,,,epigallocatechin gallate; catechins; green tea; black tea; fermentation,"Based on the degree of fermentation, tea is classified into six major types: green (unfermented), yellow (lightly fermented), white (lightly fermented), oolong (partially fermented), black (fully fermented) and dark tea (post-fermented). During the fermentation process, catechins undergo oxidative conversion to yield dimeric and oligomeric derivatives such as theaflavins. Catechins, particularly those abundant in fresh tea leaves and green tea, are considered central to tea's health-promoting attributes.",0.90,Methods text describes tea classification by fermentation degree and oxidative conversion of catechins during processing; EGCG identified as focus compound.,llm_extracted,
PMID_41608512_GLM2,PMID_41608512,true,false,true,green tea,purified component,catechins,fermentation; oxidative conversion,,epigallocatechin gallate; catechins; theaflavins; thearubigins,,,epigallocatechin gallate; catechins; green tea,"Catechins, particularly those abundant in fresh tea leaves and green tea... epigallocatechin gallate (EGCG), the most abundant and extensively studied catechin found in tea",0.90,Methods text describes tea fermentation classification and catechin oxidative conversion; EGCG identified as primary catechin in green tea,llm_extracted,
PMID_41608512_GLM3,PMID_41608512,true,false,true,green tea,purified component,catechins,fermentation; oxidative conversion,,epigallocatechin gallate; EGCG; catechins; theaflavins; thearubigins,,,epigallocatechin gallate; catechins; green tea; fermentation,"Based on the degree of fermentation, tea is classified into six major types: green (unfermented), yellow (lightly fermented), white (lightly fermented), oolong (partially fermented), black (fully fermented) and dark tea (post-fermented). Catechins, particularly those abundant in fresh tea leaves and green tea, are considered central to tea's health-promoting attributes.",0.85,"Methods text describes tea classification by fermentation and identifies EGCG as abundant in green tea, but no specific extraction methods are reported for this review.",llm_extracted,tea_type inferred from compound abundance; review article
PMID_41617902_GLM1,PMID_41617902,false,true,true,unspecified tea,tea leaf,multiple component groups,,methanol extraction; sonication; filtration,caffeine; theobromine; quinic acid; catechins; epigallocatechin gallate; theaflavins; thearubigins,,Sri Lanka; India; United Arab Emirates; Saudi Arabia; United Kingdom,"mineral, antioxidant, phenolic, and phytochemical profiles; 20 commercial tea brands; caffeine (57.76-79.14%) was the dominant phytochemical","One gram of powdered tea was extracted with 10 mL of methanol, sonicated for 2 h, filtered using a 0.45 μm syringe filter, and analyzed.",0.95,"Extraction method explicitly described in methods; multiple component groups identified including caffeine, catechins, and theaflavins; tea type unspecified as brands include various types.",llm_extracted,
PMID_41617902_GLM2,PMID_41617902,false,true,true,unspecified tea,tea leaf,caffeine,,methanol extraction; sonication; filtration,caffeine; theobromine; quinic acid,,Sri Lanka; India; United Arab Emirates; Saudi Arabia; United Kingdom,Caffeine (57.76-79.14%) was the dominant phytochemical; powdered tea; extracted with methanol; sonicated for 2 h; filtered,"One gram of powdered tea was extracted with 10 mL of methanol, sonicated for 2 h, filtered using a 0.45 μm syringe filter",0.95,,llm_extracted,
PMID_41622288_GLM1,PMID_41622288,false,false,true,unspecified tea,tea infusion,caffeine,,,"caffeine; 1,3,7-trimethylxanthine",,,coffee and tea's diverse bioactive components; caffeine metabolism,genetic variation interacts with coffee and tea's diverse bioactive components,0.90,Review paper discusses caffeine pharmacokinetics and mentions tea as caffeine source; no specific tea processing or extraction methods described.,llm_extracted,
PMID_41622288_GLM2,PMID_41622288,false,false,true,unspecified tea,tea infusion,caffeine,,,caffeine,,,tea's diverse bioactive components;caffeine,discuss how genetic variation interacts with coffee and tea's diverse bioactive components,0.90,Review paper discusses caffeine pharmacology and mentions tea bioactive components without describing processing or extraction methods.,llm_extracted,tea type unspecified in context
PMID_41683202_GLM1,PMID_41683202,false,false,true,green tea,purified component,catechins,,,Epigallocatechin-3-gallate; EGCG,,,major bioactive polyphenol in green tea; major polyphenol found in green tea,"Epigallocatechin-3-gallate (EGCG), the major bioactive polyphenol in green tea",1.00,Abstract and introduction explicitly identify EGCG as the major polyphenol in green tea; no processing or extraction methods described for the tea material itself.,llm_extracted,
PMID_41695108_GLM1,PMID_41695108,false,false,false,,,,,,,,,tea,"polyphenol-rich foods (such as berries, cocoa, tea, and wine)",0.90,"Tea is mentioned only as a general example of polyphenol-rich foods; no specific tea processing, extraction, or component details are provided in the text.",llm_extracted,
PMID_41695108_GLM2,PMID_41695108,false,false,false,,,,,,,,,tea,"human trials of polyphenol-rich foods (such as berries, cocoa, tea, and wine)",0.90,"Tea is mentioned only as a general example of polyphenol-rich foods in a review focused on olive oil; no tea-specific processing, extraction, or component details are provided.",llm_extracted,
PMID_41695732_GLM1,PMID_41695732,false,false,true,green tea,,catechins,,,Epigallocatechin gallate;green tea polyphenols,,,green tea polyphenols;EGCG;Epigallocatechin gallate,"Epigallocatechin gallate (EGCG), a major catechin in green tea; green tea polyphenols",0.90,"Text explicitly names EGCG as a major catechin in green tea and discusses green tea polyphenols, but provides no processing or extraction details.",llm_extracted,
PMID_41697452_GLM1,PMID_41697452,false,false,true,green tea,unspecified material,multiple component groups,,,catechins; polyphenols,,,green tea; catechins; polyphenols,"Green tea contains bioactive compounds, such as catechins and polyphenols",0.90,"Text explicitly identifies green tea and names catechins and polyphenols as bioactive compounds, but reports no processing or extraction methods.",llm_extracted,
PMID_41699676_GLM1,PMID_41699676,false,false,true,unspecified tea,tea infusion,caffeine,,,caffeine,,,tea consumption;caffeine intake;dietary sources such as tea and coffee,"Tea, a specific source of caffeine typically corresponding to moderate intake levels",0.85,"Epidemiological MR study identifies tea as a caffeine source but reports no processing, extraction, or material preparation details.",llm_extracted,material_form inferred from consumption context
PMID_41704297_GLM1,PMID_41704297,false,false,true,unspecified tea,enriched fraction,mixed polyphenols,,,tea polyphenols,,,tea polyphenol-functionalized graphene oxide; tea polyphenols,"TPG (tea polyphenols functional graphene oxide, Jiangsu Xianfeng Nanomaterial Technology)",0.85,"Methods text identifies TPG as a commercial material (tea polyphenols functional graphene oxide) used directly; no tea processing or extraction described, only material dispersion.",llm_extracted,commercial material; no source tea processing details
PMID_41704297_GLM2,PMID_41704297,false,false,true,unspecified tea,purified component,mixed polyphenols,,,tea polyphenols,,,tea polyphenol-functionalized graphene oxide; tea polyphenols,"TPG (tea polyphenols functional graphene oxide, Jiangsu Xianfeng Nanomaterial Technology)",0.95,Material identified as commercially sourced TPG (tea polyphenols functional graphene oxide); no tea processing or extraction methods described in the text.,llm_extracted,
PMID_41754217_GLM1,PMID_41754217,false,true,true,green tea,tea extract,multiple component groups,,brewed; extract,EGCG; caffeine,,,green tea (GT); GT extract; GT shows variable outcomes depending on caffeine content,"GT from 100 mg capsules to 3 g brewed leaves per day; GT extract consumption (~75 mg EGCG twice daily); single GT dose (~2 g, 636 mg EGCG, ~20 mg caffeine)",0.90,Methods explicitly describe GT as brewed leaves and extract capsules with EGCG and caffeine content specified,llm_extracted,
PMID_41788636_GLM1,PMID_41788636,false,false,true,unspecified tea,unspecified material,mixed polyphenols,,,flavonoids; polyphenols,,,tea consumption; bioactive compounds such as flavonoids and polyphenols,"Tea, known for its bioactive compounds such as flavonoids and polyphenols",0.90,Systematic review on dietary tea consumption mentions bioactive compounds but reports no specific tea processing or extraction methods.,llm_extracted,
PMID_41788685_GLM1,PMID_41788685,false,false,true,unspecified tea,tea infusion,mixed polyphenols,,,flavan-3-ols; anthocyanins; flavonols,,,"foods rich in flavonoids—such as apples, berries, and tea; tea flavonoids; flavan-3-ols","Higher consumption of foods rich in flavonoids—such as apples, berries, and tea—was associated with a lower risk of incident atherosclerosis.",0.85,Epidemiological cohort study mentions tea as a dietary flavonoid source; no tea-specific processing or extraction methods reported; flavonoid subclasses identified.,llm_extracted,dietary intake study; no tea material preparation details
PMID_41799109_GLM1,PMID_41799109,false,false,true,unspecified tea,purified component,multiple component groups,,,gallic acid; caffeine; chlorogenic acid; quercetin; EGCG; theaflavin,,,tea phytoconstituents; tea bioactives; tea-derived phytochemicals,"six tea bioactives, gallic acid, caffeine, chlorogenic acid, quercetin, EGCG, and theaflavin",0.95,Paper studies six named purified tea compounds encapsulated in nanoliposomes; no tea processing or extraction methods described.,llm_extracted,
PMID_41800414_GLM1,PMID_41800414,false,false,true,green tea,purified component,catechins,,,epigallocatechin gallate; EGCG,,,green tea-derived polyphenol; EGCG; most abundant and bioactive catechin in green tea,"epigallocatechin gallate (EGCG), a green tea-derived polyphenol",0.95,EGCG is identified as a green tea-derived catechin; no processing or extraction methods described for the tea material itself.,llm_extracted,
PMID_41828611_GLM1,PMID_41828611,false,false,true,green tea,purified component,catechins,,,green tea catechins,,,green tea catechins,"interventions encompassed a broad spectrum of plant-derived, host-modulatory and nutraceutical compounds, including curcumin, resveratrol, propolis, Aloe vera, green tea catechins, and omega-3 fatty acids",0.90,Abstract explicitly names green tea catechins as one of the natural product interventions; no processing or extraction details reported in this systematic review.,llm_extracted,systematic review aggregate
PMID_41828808_GLM1,PMID_41828808,false,false,true,green tea,purified component,catechins,,,EGCG; prodelphinidin A2 3'-gallate; (+)-gallocatechin-(4α→8)-(+)-catechin; proanthocyanidin A-6,,,Green tea dimeric catechins; C. sinensis-derived phytochemicals; 210 Camellia sinensis phytochemicals,210 Camellia sinensis (Green tea) phytochemicals; dimeric catechins; prodelphinidin A2 3'-gallate; EGCG,0.95,"Title and abstract explicitly identify green tea and dimeric catechins; methods_text names specific compounds (EGCG, prodelphinidin A2 3'-gallate, proanthocyanidin A-6) from a phytochemical library; no processing or extraction methods described.",llm_extracted,
PMID_41830022_GLM1,PMID_41830022,false,false,true,green tea,purified component,catechins,,,catechins,,,catechin + inulin beverage; catechins 400 mg/day; green tea catechins,catechin + inulin beverage (catechins 400 mg/day; inulin 2.3 g/day),0.95,,llm_extracted,
PMID_41830022_GLM2,PMID_41830022,false,false,true,green tea,purified component,catechins,,,catechins,,,Green tea catechins;catechin-fortified beverages;catechin + inulin beverage,catechin + inulin beverage (catechins 400 mg/day; inulin 2.3 g/day),0.95,"Title and abstract specify green tea catechins as the intervention component at a defined daily dose, but no tea processing or extraction methods are described.",llm_extracted,
PMID_41859366_GLM1,PMID_41859366,true,true,true,unspecified tea,tea leaf,catechins,vacuum-drying; grinding,HPLC; LC-MS/MS,gallocatechin gallate (GCG); trans-catechins; cis-catechins; theobromine; caffeine; epigallocatechin gallate (EGCG); epigallocatechin (EGC); epicatechin gallate (ECG); epicatechin (EC); catechin (C); gallocatechin (GC),Y5 (C. sinensis var. pabilimba Chang),"Fujian, China",hyperaccumulates trans-catechins; gallocatechin gallate (GCG) reaching 70.1 ± 0.3 mg/g,"Parts of materials were vacuum-dried using a vacuum dryer and ground into powders using a globe mill for biochemical component analysis; Metabolomic and quantitative analysis revealed that Y5 preferentially hyperaccumulates trans-catechins over cis-catechins, with gallocatechin gallate (GCG) reaching 70.1 ± 0.3 mg/g",0.95,Methods explicitly describe vacuum-drying and grinding of fresh tea leaves; HPLC and LC-MS/MS used for component analysis; abstract and methods detail catechin profiles and specific compounds.,llm_extracted,
PMID_41863981_GLM1,PMID_41863981,false,false,true,unspecified tea,purified component,catechins,,,catechins,,,"tea polyphenols; catechin purity, 50.4%",tea polyphenol preparation... produced in the laboratory... contained 50.4% catechins,0.95,"Methods state tea polyphenol preparation contained 50.4% catechins but no tea type, processing, or extraction method details reported.",llm_extracted,
PMID_41863981_GLM2,PMID_41863981,false,false,true,unspecified tea,purified component,catechins,,,catechins,,,tea polyphenols;catechin purity 50.4%,tea polyphenol preparation...contained 50.4% catechins,0.95,"Methods specify tea polyphenol preparation with 50.4% catechin purity but no tea type, processing, or extraction details reported.",llm_extracted,tea type unspecified
PMID_41863981_GLM3,PMID_41863981,false,true,true,unspecified tea,purified component,catechins,,laboratory preparation,catechins,,,tea polyphenols; catechin purity,tea polyphenol preparation used in this study was produced in the laboratory... and contained 50.4% catechins,0.85,"Methods state tea polyphenol preparation was produced in laboratory with 50.4% catechins, but no tea type, processing, or specific extraction details provided",llm_extracted,tea type unspecified; extraction method unspecified
PMID_41882045_GLM1,PMID_41882045,true,true,true,green tea,tea extract,catechins,cleaned; shade dried; blended to powder,ultrasonic extraction; ethanol 70% extraction; filtration; evaporation under reduced pressure,catechine,,"Nubaria, Egypt",green tea beverage; GT extract; catechine,Green tea leaves powder (10 g) was extracted with 100 mL of ethanol 70% in an ultrasonic device,0.95,"Methods text explicitly describes processing of leaves (cleaning, shade drying, blending) and extraction method (ultrasonic, ethanol 70%) with origin and compound identification.",llm_extracted,
PMID_41882045_GLM2,PMID_41882045,true,true,true,green tea,tea extract,catechins,cleaned; shade-dried; blended to powder,ultrasonic extraction; ethanol 70%; filtration; evaporation under reduced pressure,catechine,,Egypt,green tea beverage; GT extract; catechine,Green tea leaves powder (10 g) was extracted with 100 mL of ethanol 70% in an ultrasonic device,0.95,,llm_extracted,
PMID_41888324_GLM1,PMID_41888324,false,false,false,,,,,,,,,functional tea ingredients; Kudingcha; Camellia tea,species like L. lucidum and L. robustum... serving as functional tea ingredients; Kudingcha... traditional herbal teas that are second only to Camellia tea in popularity,0.90,"Paper discusses Ligustrum species as functional tea ingredients and mentions Kudingcha and Camellia tea as context, but reports no specific tea processing, extraction methods, or characterized tea components.",llm_extracted,tea mentioned as context only; Ligustrum not Camellia tea
PMID_41899489_GLM1,PMID_41899489,true,true,true,black tea,purified component,tea polysaccharides,crushed; sieved (20-mesh),soaked overnight,tea polysaccharides; TPS,,,tea polysaccharides; TPS; black tea,Black tea was crushed and sieved through a 20-mesh sieve. The tea powder was then weighed and soaked overnight,0.95,"Methods text explicitly describes black tea processing (crushed, sieved) and extraction initiation (soaked overnight) for TPS preparation.",llm_extracted,
PMID_41899489_GLM2,PMID_41899489,true,true,true,black tea,purified component,tea polysaccharides,crushed; sieved (20-mesh),soaked overnight,tea polysaccharides; TPS,,,tea polysaccharides; TPS; black tea,Black tea was crushed and sieved through a 20-mesh sieve. The tea powder was then weighed and soaked overnight,0.95,,llm_extracted,extraction method incomplete
PMID_41907215_GLM1,PMID_41907215,false,false,true,green tea,purified component,catechins,,,Epigallocatechin gallate; EGCG,,,primary bioactive compound in green tea; primary catechin in green tea; predominant polyphenol in green tea,"Epigallocatechin gallate (EGCG), the primary bioactive compound in green tea",0.95,Abstract and text explicitly identify EGCG as the primary catechin and bioactive compound in green tea; no processing or extraction methods described.,llm_extracted,
